,Start,End
0,2019-04-05 14:50:25.461212,2019-04-05 14:50:27.995646
1,2019-04-05 14:50:30.690979,2019-04-05 14:50:30.899850
2,2019-04-05 14:50:33.923980,2019-04-05 14:50:34.092875
3,2019-04-05 14:50:34.562585,2019-04-05 14:50:38.654056
4,2019-04-05 14:50:38.825949,2019-04-05 14:50:41.933983
5,2019-04-05 14:50:42.096883,2019-04-05 14:50:42.449664
6,2019-04-05 14:50:43.453044,2019-04-05 14:50:45.050056
7,2019-04-05 14:50:45.875546,2019-04-05 14:50:46.211338
8,2019-04-05 14:50:47.028833,2019-04-05 14:50:52.060722
9,2019-04-05 14:50:53.592774,2019-04-05 14:50:53.758671
10,2019-04-05 14:50:55.539571,2019-04-05 14:50:58.141961
11,2019-04-05 14:50:59.847414,2019-04-05 14:51:00.037298
12,2019-04-05 14:51:00.197198,2019-04-05 14:51:00.215188
